{"cameraMode":{"drawMode":0,"name":"Shaded","section":"Shading Mode"},"sceneLighting":false,"audioPlay":false,"sceneViewState":{"m_AlwaysRefresh":false,"showFog":true,"showSkybox":false,"showFlares":true,"showImageEffects":true,"showParticleSystems":true,"showVisualEffectGraphs":true,"m_FxEnabled":true},"in2DMode":false,"pivot":{"x":-0.005928754806518555,"y":-0.5226495265960693,"z":0.015115022659301758},"rotation":{"x":-0.039451587945222858,"y":0.9561704397201538,"z":-0.24650418758392335,"w":-0.15303000807762147},"size":1.9978303909301758,"orthographic":false}